{
    "avg_grid_points": 99406,
    "grid": [
        {
            "avg_height": 0.0,
            "coord": [
                0,
                0
            ],
            "idx": 0,
            "rgb": [
                169,
                161,
                192
            ],
            "size": 99406
        }
    ],
    "grid_index": [
        [
            0,
            0
        ]
    ],
    "grid_length": 100.0,
    "map_name": "Test052601",
    "max_range": [
        12.176142692565918,
        41.77238464355469,
        3.5080299377441406
    ],
    "min_range": [
        -33.62649154663086,
        -9.202337265014648,
        -1.0742548704147339
    ],
    "resolution": 0.10000000149011612
}
